19.424767,-99.128190,10/13/2024,00:31:32,-67
19.424972,-99.128245,10/13/2024,01:13:42,-65
19.424972,-99.128245,10/13/2024,01:13:42,-64
19.426808,-99.132610,10/13/2024,01:47:25,-80
19.426735,-99.132552,10/13/2024,01:47:26,-79
19.426735,-99.132552,10/13/2024,01:47:26,-85
19.426770,-99.132920,10/13/2024,01:47:36,-74
19.426765,-99.132885,10/13/2024,01:47:44,-74
19.426760,-99.132975,10/13/2024,01:47:51,-74
19.426760,-99.132975,10/13/2024,01:47:51,-77
19.426760,-99.132975,10/13/2024,01:47:51,-77
19.426760,-99.132975,10/13/2024,01:47:51,-76
19.426760,-99.132975,10/13/2024,01:47:51,-79
19.426757,-99.132842,10/13/2024,01:48:21,-77
19.426757,-99.132842,10/13/2024,01:48:21,-81
19.426773,-99.132908,10/13/2024,01:48:28,-81
19.426805,-99.132938,10/13/2024,01:48:34,-72
19.426857,-99.132970,10/13/2024,01:48:54,-76
19.426857,-99.132970,10/13/2024,01:48:54,-71
19.426857,-99.132970,10/13/2024,01:48:54,-75
19.426848,-99.132918,10/13/2024,01:49:08,-77
19.426857,-99.132927,10/13/2024,01:49:14,-80
19.426857,-99.132927,10/13/2024,01:49:14,-76
19.426855,-99.132913,10/13/2024,01:49:28,-79
19.426898,-99.132957,10/13/2024,01:49:35,-83
19.426963,-99.132985,10/13/2024,01:49:43,-76
19.426963,-99.132985,10/13/2024,01:49:43,-67
19.427008,-99.132987,10/13/2024,01:49:49,-72
19.427008,-99.132987,10/13/2024,01:49:49,-75
19.427062,-99.132992,10/13/2024,01:50:03,-67
19.427195,-99.132977,10/13/2024,01:50:20,-75
19.427272,-99.132958,10/13/2024,01:50:27,-78
19.427277,-99.132958,10/13/2024,01:50:28,-74
19.427332,-99.132940,10/13/2024,01:50:34,-64
19.427483,-99.132862,10/13/2024,01:50:48,-76
19.427565,-99.132865,10/13/2024,01:50:55,-70
19.427565,-99.132865,10/13/2024,01:50:55,-78
19.427565,-99.132865,10/13/2024,01:50:55,-77
19.427743,-99.132857,10/13/2024,01:51:15,-77
19.427820,-99.132847,10/13/2024,01:51:23,-79
19.427820,-99.132847,10/13/2024,01:51:23,-81
19.427820,-99.132847,10/13/2024,01:51:23,-74
19.427855,-99.132838,10/13/2024,01:51:44,-78
19.427915,-99.132860,10/13/2024,01:51:52,-81
19.427915,-99.132860,10/13/2024,01:51:52,-76
19.427915,-99.132860,10/13/2024,01:51:52,-74
19.428195,-99.132818,10/13/2024,01:52:23,-68
19.428205,-99.132815,10/13/2024,01:52:24,-73
19.428205,-99.132815,10/13/2024,01:52:24,-75
19.428205,-99.132815,10/13/2024,01:52:24,-73
19.428500,-99.132738,10/13/2024,01:52:55,-68
19.428500,-99.132738,10/13/2024,01:52:55,-77
19.428500,-99.132738,10/13/2024,01:52:55,-70
19.428500,-99.132738,10/13/2024,01:52:55,-67
19.428500,-99.132738,10/13/2024,01:52:55,-75
19.428750,-99.132737,10/13/2024,01:53:21,-82
19.428760,-99.132735,10/13/2024,01:53:22,-78
19.428760,-99.132735,10/13/2024,01:53:22,-71
19.428853,-99.132737,10/13/2024,01:53:33,-70
19.428853,-99.132737,10/13/2024,01:53:33,-80
19.429095,-99.132622,10/13/2024,01:53:59,-79
19.429095,-99.132622,10/13/2024,01:53:59,-80
19.429252,-99.132602,10/13/2024,01:54:14,-69
19.429252,-99.132602,10/13/2024,01:54:14,-70
19.429315,-99.132603,10/13/2024,01:54:20,-77
19.429372,-99.132595,10/13/2024,01:54:26,-58
19.429518,-99.132607,10/13/2024,01:54:40,-64
19.429662,-99.132610,10/13/2024,01:54:55,-70
19.429662,-99.132610,10/13/2024,01:54:55,-74
19.429737,-99.132612,10/13/2024,01:55:01,-69
19.429737,-99.132612,10/13/2024,01:55:01,-72
19.429797,-99.132618,10/13/2024,01:55:07,-65
19.429970,-99.132553,10/13/2024,01:55:23,-70
19.430010,-99.132520,10/13/2024,01:55:30,-52
19.430057,-99.132507,10/13/2024,01:55:38,-71
19.430057,-99.132507,10/13/2024,01:55:38,-71
19.430197,-99.132527,10/13/2024,01:55:54,-73
19.430197,-99.132527,10/13/2024,01:55:54,-62
19.430197,-99.132527,10/13/2024,01:55:54,-69
19.430197,-99.132527,10/13/2024,01:55:54,-72
19.430577,-99.132490,10/13/2024,01:56:39,-72
19.430577,-99.132490,10/13/2024,01:56:39,-67
19.430577,-99.132490,10/13/2024,01:56:39,-67
19.430667,-99.132485,10/13/2024,01:56:50,-79
19.430778,-99.132430,10/13/2024,01:57:04,-80
19.430783,-99.132427,10/13/2024,01:57:05,-80
19.430838,-99.132395,10/13/2024,01:57:12,-82
19.430897,-99.132380,10/13/2024,01:57:18,-85
19.430960,-99.132410,10/13/2024,01:57:25,-84
19.431047,-99.132428,10/13/2024,01:57:33,-82
19.431047,-99.132428,10/13/2024,01:57:33,-78
19.431102,-99.132467,10/13/2024,01:57:39,-78
19.431102,-99.132467,10/13/2024,01:57:39,-84
19.431102,-99.132467,10/13/2024,01:57:39,-73
19.431253,-99.132515,10/13/2024,01:57:53,-76
19.431317,-99.132505,10/13/2024,01:58:00,-71
19.431317,-99.132505,10/13/2024,01:58:00,-75
19.431602,-99.132378,10/13/2024,01:58:34,-80
19.431602,-99.132378,10/13/2024,01:58:34,-81
19.431622,-99.132413,10/13/2024,01:58:41,-79
19.431603,-99.132388,10/13/2024,01:58:55,-70
19.431603,-99.132350,10/13/2024,01:59:02,-79
19.431603,-99.132350,10/13/2024,01:59:02,-83
19.431605,-99.132325,10/13/2024,01:59:09,-80
19.431605,-99.132325,10/13/2024,01:59:09,-76
19.431615,-99.132317,10/13/2024,01:59:22,-79
19.431567,-99.132260,10/13/2024,01:59:50,-81
19.431565,-99.132255,10/13/2024,01:59:51,-81
19.431563,-99.132262,10/13/2024,01:59:55,-82
19.431563,-99.132262,10/13/2024,01:59:55,-88
0.013333,-99.132263,10/13/2024,02:00:09,-83
19.431555,-99.132292,10/13/2024,02:00:15,-78
19.431553,-99.132295,10/13/2024,02:00:16,-80
19.431553,-99.132295,10/13/2024,02:00:16,-82
19.431557,-99.132333,10/13/2024,02:00:29,-81
19.431562,-99.132362,10/13/2024,02:00:49,-82
19.431562,-99.132362,10/13/2024,02:00:49,-85
19.431562,-99.132358,10/13/2024,02:00:56,-84
19.431562,-99.132358,10/13/2024,02:00:56,-80
19.431560,-99.132253,10/13/2024,02:01:17,-84
19.431562,-99.132248,10/13/2024,02:01:18,-76
19.431562,-99.132248,10/13/2024,02:01:18,-81
19.431582,-99.132255,10/13/2024,02:01:38,-70
19.431582,-99.132255,10/13/2024,02:01:46,-77
19.431582,-99.132255,10/13/2024,02:01:46,-86
19.431582,-99.132255,10/13/2024,02:01:46,-81
19.431582,-99.132255,10/13/2024,02:01:46,-87
19.431582,-99.132255,10/13/2024,02:01:46,-84
19.431582,-99.132255,10/13/2024,02:01:46,-87
19.431833,-99.132338,10/13/2024,02:02:17,-72
19.431892,-99.132348,10/13/2024,02:02:23,-72
19.431950,-99.132353,10/13/2024,02:02:28,-66
19.432015,-99.132370,10/13/2024,02:02:35,-89
19.432065,-99.132385,10/13/2024,02:02:40,-84
19.432065,-99.132385,10/13/2024,02:02:40,-71
19.432418,-99.132337,10/13/2024,02:03:10,-88
19.432418,-99.132337,10/13/2024,02:03:10,-84
19.432565,-99.132337,10/13/2024,02:03:26,-79
19.432572,-99.132335,10/13/2024,02:03:27,-86
19.432572,-99.132335,10/13/2024,02:03:27,-81
19.432572,-99.132335,10/13/2024,02:03:27,-85
19.432752,-99.132337,10/13/2024,02:03:49,-82
19.432812,-99.132340,10/13/2024,02:03:54,-83
19.432827,-99.132345,10/13/2024,02:03:55,-85
19.432827,-99.132345,10/13/2024,02:03:55,-78
19.432827,-99.132345,10/13/2024,02:03:55,-76
19.432827,-99.132345,10/13/2024,02:03:55,-80
19.433065,-99.132348,10/13/2024,02:04:14,-84
19.433065,-99.132348,10/13/2024,02:04:14,-78
19.433222,-99.132253,10/13/2024,02:04:38,-79
19.433222,-99.132253,10/13/2024,02:04:38,-83
19.433222,-99.132253,10/13/2024,02:04:38,-92
19.433222,-99.132253,10/13/2024,02:04:38,-80
19.433222,-99.132253,10/13/2024,02:04:38,-86
19.433435,-99.132172,10/13/2024,02:05:01,-85
19.433522,-99.132172,10/13/2024,02:05:08,-75
19.433688,-99.131962,10/13/2024,02:05:25,-76
19.433688,-99.131962,10/13/2024,02:05:25,-76
19.433688,-99.131962,10/13/2024,02:05:25,-75
19.433688,-99.131962,10/13/2024,02:05:25,-80
19.433702,-99.131823,10/13/2024,02:05:38,-87
19.433615,-99.131672,10/13/2024,02:05:50,-86
19.433518,-99.131512,10/13/2024,02:06:03,-78
19.433507,-99.131503,10/13/2024,02:06:04,-83
19.433500,-99.131435,10/13/2024,02:06:10,-82
19.433467,-99.131278,10/13/2024,02:06:22,-78
19.433455,-99.131215,10/13/2024,02:06:28,-75
19.433457,-99.131207,10/13/2024,02:06:29,-68
19.433453,-99.131132,10/13/2024,02:06:35,-71
19.433485,-99.130972,10/13/2024,02:06:49,-79
19.433475,-99.130888,10/13/2024,02:06:56,-75
19.433475,-99.130888,10/13/2024,02:06:56,-75
19.433475,-99.130888,10/13/2024,02:06:56,-74
19.433445,-99.130818,10/13/2024,02:07:04,-76
19.433443,-99.130652,10/13/2024,02:07:18,-74
19.433457,-99.130472,10/13/2024,02:07:31,-79
19.433438,-99.130357,10/13/2024,02:07:39,-73
19.433438,-99.130357,10/13/2024,02:07:39,-76
19.433447,-99.130287,10/13/2024,02:07:45,-76
19.433447,-99.130287,10/13/2024,02:07:45,-66
19.433422,-99.130120,10/13/2024,02:07:57,-67
19.433403,-99.130025,10/13/2024,02:08:04,-68
19.433425,-99.129955,10/13/2024,02:08:11,-77
19.433397,-99.129947,10/13/2024,02:08:17,-84
19.433350,-99.129945,10/13/2024,02:08:24,-78
19.433350,-99.129945,10/13/2024,02:08:24,-87
19.433350,-99.129945,10/13/2024,02:08:24,-77
19.433350,-99.129945,10/13/2024,02:08:24,-77
19.433055,-99.129923,10/13/2024,02:08:49,-80
19.433055,-99.129923,10/13/2024,02:08:49,-74
19.432785,-99.129940,10/13/2024,02:09:14,-82
19.432777,-99.129947,10/13/2024,02:09:15,-71
19.432777,-99.129947,10/13/2024,02:09:15,-66
19.432777,-99.129947,10/13/2024,02:09:15,-72
19.432550,-99.129972,10/13/2024,02:09:34,-68
19.432550,-99.129972,10/13/2024,02:09:34,-71
19.432462,-99.130000,10/13/2024,02:09:41,-67
19.432462,-99.130000,10/13/2024,02:09:41,-72
19.432233,-99.130022,10/13/2024,02:10:01,-80
19.432142,-99.130083,10/13/2024,02:10:09,-78
19.432142,-99.130083,10/13/2024,02:10:09,-81
19.432075,-99.130115,10/13/2024,02:10:15,-72
19.432062,-99.130120,10/13/2024,02:10:16,-78
19.431830,-99.130132,10/13/2024,02:10:35,-80
19.431752,-99.130127,10/13/2024,02:10:41,-77
19.431738,-99.130130,10/13/2024,02:10:42,-70
19.431738,-99.130130,10/13/2024,02:10:42,-65
19.431667,-99.130125,10/13/2024,02:10:48,-66
19.431538,-99.130125,10/13/2024,02:11:00,-60
19.431463,-99.130160,10/13/2024,02:11:14,-60
19.431497,-99.130178,10/13/2024,02:11:20,-64
19.431498,-99.130183,10/13/2024,02:11:21,-76
19.431500,-99.130193,10/13/2024,02:11:27,-78
19.431500,-99.130193,10/13/2024,02:11:27,-78
19.431500,-99.130193,10/13/2024,02:11:27,-83
19.431208,-99.130207,10/13/2024,02:11:50,-80
19.431198,-99.130208,10/13/2024,02:11:51,-69
19.431152,-99.130218,10/13/2024,02:11:55,-74
19.431002,-99.130222,10/13/2024,02:12:08,-66
19.431002,-99.130222,10/13/2024,02:12:08,-70
19.431002,-99.130222,10/13/2024,02:12:08,-69
19.430702,-99.130250,10/13/2024,02:12:31,-75
19.430642,-99.130270,10/13/2024,02:12:37,-81
19.430602,-99.130317,10/13/2024,02:12:44,-85
19.430602,-99.130317,10/13/2024,02:12:44,-81
19.430602,-99.130317,10/13/2024,02:12:44,-82
19.430652,-99.130557,10/13/2024,02:13:04,-80
19.430652,-99.130557,10/13/2024,02:13:04,-85
19.430677,-99.130678,10/13/2024,02:13:17,-86
19.430687,-99.130720,10/13/2024,02:13:24,-88
19.430687,-99.130720,10/13/2024,02:13:24,-78
19.430687,-99.130720,10/13/2024,02:13:24,-86
19.430710,-99.131053,10/13/2024,02:13:52,-71
19.430710,-99.131053,10/13/2024,02:13:52,-76
19.430740,-99.131128,10/13/2024,02:13:59,-78
19.430808,-99.131150,10/13/2024,02:14:13,-73
19.430808,-99.131150,10/13/2024,02:14:13,-72
19.430920,-99.131125,10/13/2024,02:14:20,-67
19.430920,-99.131125,10/13/2024,02:14:20,-70
19.431060,-99.131123,10/13/2024,02:14:33,-63
19.431133,-99.131128,10/13/2024,02:14:40,-75
19.431133,-99.131128,10/13/2024,02:14:40,-73
19.431133,-99.131128,10/13/2024,02:14:40,-72
19.431317,-99.131117,10/13/2024,02:15:00,-75
19.431368,-99.131110,10/13/2024,02:15:04,-71
19.431442,-99.131098,10/13/2024,02:15:11,-73
19.431415,-99.131083,10/13/2024,02:15:17,-74
19.431353,-99.131085,10/13/2024,02:15:24,-79
19.431353,-99.131085,10/13/2024,02:15:24,-81
19.431015,-99.131117,10/13/2024,02:15:53,-78
19.431015,-99.131117,10/13/2024,02:15:53,-74
19.431015,-99.131117,10/13/2024,02:15:53,-77
19.430953,-99.131112,10/13/2024,02:15:57,-78
19.430902,-99.131123,10/13/2024,02:16:04,-83
19.430807,-99.131230,10/13/2024,02:16:19,-82
19.430807,-99.131230,10/13/2024,02:16:19,-71
19.430807,-99.131230,10/13/2024,02:16:19,-81
19.430807,-99.131230,10/13/2024,02:16:19,-84
19.430820,-99.131662,10/13/2024,02:16:52,-87
19.430825,-99.131677,10/13/2024,02:16:53,-83
19.430840,-99.131742,10/13/2024,02:16:59,-79
19.430865,-99.131900,10/13/2024,02:17:13,-75
19.430867,-99.131912,10/13/2024,02:17:14,-74
19.430893,-99.132007,10/13/2024,02:17:21,-74
19.430920,-99.132172,10/13/2024,02:17:34,-79
19.430945,-99.132267,10/13/2024,02:17:42,-81
19.430945,-99.132267,10/13/2024,02:17:42,-82
19.430972,-99.132338,10/13/2024,02:17:50,-73
19.430972,-99.132338,10/13/2024,02:17:50,-83
19.431073,-99.132423,10/13/2024,02:18:03,-80
19.431073,-99.132423,10/13/2024,02:18:03,-80
19.431073,-99.132423,10/13/2024,02:18:03,-76
19.431238,-99.132503,10/13/2024,02:18:23,-85
19.431313,-99.132500,10/13/2024,02:18:30,-81
19.431313,-99.132500,10/13/2024,02:18:30,-86
19.431465,-99.132475,10/13/2024,02:18:43,-79
19.431620,-99.132407,10/13/2024,02:18:54,-78
19.431675,-99.132395,10/13/2024,02:18:58,-80
19.431675,-99.132395,10/13/2024,02:18:58,-80
19.431815,-99.132390,10/13/2024,02:19:09,-79
19.431948,-99.132417,10/13/2024,02:19:21,-84
19.432017,-99.132448,10/13/2024,02:19:28,-67
19.432163,-99.132445,10/13/2024,02:19:44,-71
19.432187,-99.132418,10/13/2024,02:19:51,-69
19.432187,-99.132418,10/13/2024,02:19:51,-71
19.432187,-99.132418,10/13/2024,02:19:51,-91
19.432278,-99.132337,10/13/2024,02:20:13,-79
19.432468,-99.132342,10/13/2024,02:20:31,-78
19.432468,-99.132342,10/13/2024,02:20:31,-87
19.432563,-99.132338,10/13/2024,02:20:42,-84
19.432627,-99.132317,10/13/2024,02:20:48,-83
19.432627,-99.132317,10/13/2024,02:20:48,-88
19.432627,-99.132317,10/13/2024,02:20:48,-79
19.432627,-99.132317,10/13/2024,02:20:48,-80
19.432627,-99.132317,10/13/2024,02:20:48,-83
19.433175,-99.132325,10/13/2024,02:21:33,-84
19.433175,-99.132325,10/13/2024,02:21:33,-80
19.433225,-99.132343,10/13/2024,02:21:38,-75
19.433225,-99.132343,10/13/2024,02:21:38,-83
19.433412,-99.132458,10/13/2024,02:22:01,-79
19.433420,-99.132465,10/13/2024,02:22:02,-78
19.433458,-99.132497,10/13/2024,02:22:07,-85
19.433530,-99.132645,10/13/2024,02:22:26,-79
19.433530,-99.132645,10/13/2024,02:22:26,-75
19.433612,-99.132807,10/13/2024,02:22:43,-76
19.433612,-99.132807,10/13/2024,02:22:43,-77
19.433612,-99.132807,10/13/2024,02:22:43,-76
19.433645,-99.133015,10/13/2024,02:23:00,-78
19.433648,-99.133073,10/13/2024,02:23:05,-78
19.433648,-99.133083,10/13/2024,02:23:06,-76
19.433717,-99.133162,10/13/2024,02:23:30,-74
19.433748,-99.133078,10/13/2024,02:23:46,-78
19.433747,-99.133077,10/13/2024,02:23:47,-72
19.433747,-99.133070,10/13/2024,02:23:52,-77
19.433747,-99.133078,10/13/2024,02:23:53,-78
19.433738,-99.133283,10/13/2024,02:24:10,-79
19.433738,-99.133373,10/13/2024,02:24:16,-68
19.433742,-99.133388,10/13/2024,02:24:17,-81
19.433742,-99.133388,10/13/2024,02:24:17,-75
19.433745,-99.133468,10/13/2024,02:24:23,-76
19.433745,-99.133468,10/13/2024,02:24:23,-68
19.433822,-99.133748,10/13/2024,02:24:48,-72
19.433822,-99.133748,10/13/2024,02:24:48,-75
19.433822,-99.133748,10/13/2024,02:24:48,-73
19.433957,-99.133893,10/13/2024,02:25:06,-79
19.433957,-99.133893,10/13/2024,02:25:06,-76
19.434000,-99.133945,10/13/2024,02:25:11,-78
19.434015,-99.133952,10/13/2024,02:25:12,-73
19.434242,-99.133880,10/13/2024,02:25:36,-76
19.434242,-99.133880,10/13/2024,02:25:36,-77
19.434242,-99.133880,10/13/2024,02:25:36,-73
19.434242,-99.133880,10/13/2024,02:25:36,-58
19.434242,-99.133880,10/13/2024,02:25:36,-69
19.434488,-99.133855,10/13/2024,02:26:07,-74
19.434488,-99.133855,10/13/2024,02:26:07,-71
19.434557,-99.133880,10/13/2024,02:26:13,-71
19.434573,-99.133883,10/13/2024,02:26:14,-71
19.434813,-99.133843,10/13/2024,02:26:33,-74
19.434902,-99.133812,10/13/2024,02:26:40,-72
19.434913,-99.133808,10/13/2024,02:26:41,-70
19.434913,-99.133808,10/13/2024,02:26:41,-76
19.435063,-99.133807,10/13/2024,02:26:53,-74
19.435147,-99.133818,10/13/2024,02:27:00,-71
19.435147,-99.133818,10/13/2024,02:27:00,-74
19.435293,-99.133893,10/13/2024,02:27:20,-71
19.435300,-99.133893,10/13/2024,02:27:21,-67
19.435300,-99.133893,10/13/2024,02:27:21,-64
19.435553,-99.133898,10/13/2024,02:27:41,-74
19.435553,-99.133898,10/13/2024,02:27:41,-75
19.435642,-99.133873,10/13/2024,02:27:48,-79
19.435792,-99.133850,10/13/2024,02:28:02,-75
19.435873,-99.133850,10/13/2024,02:28:09,-73
19.435890,-99.133848,10/13/2024,02:28:10,-66
19.435890,-99.133848,10/13/2024,02:28:10,-69
19.435890,-99.133848,10/13/2024,02:28:10,-75
19.436130,-99.133817,10/13/2024,02:28:40,-71
19.436130,-99.133817,10/13/2024,02:28:40,-68
19.436130,-99.133817,10/13/2024,02:28:40,-68
19.436110,-99.133808,10/13/2024,02:29:02,-69
19.436110,-99.133808,10/13/2024,02:29:02,-68
19.436110,-99.133808,10/13/2024,02:29:02,-78
19.436135,-99.133777,10/13/2024,02:29:09,-79
19.436135,-99.133777,10/13/2024,02:29:09,-76
19.436260,-99.133802,10/13/2024,02:29:23,-63
19.436418,-99.133815,10/13/2024,02:29:37,-71
19.436418,-99.133815,10/13/2024,02:29:37,-70
19.436418,-99.133815,10/13/2024,02:29:37,-73
19.436727,-99.133733,10/13/2024,02:30:06,-63
19.436727,-99.133733,10/13/2024,02:30:06,-79
19.436842,-99.133740,10/13/2024,02:30:13,-75
19.437035,-99.133713,10/13/2024,02:30:27,-71
19.437072,-99.133775,10/13/2024,02:30:34,-79
19.437075,-99.133785,10/13/2024,02:30:35,-72
19.437110,-99.133832,10/13/2024,02:30:41,-75
19.437172,-99.133880,10/13/2024,02:30:48,-76
19.437248,-99.133865,10/13/2024,02:30:55,-75
19.437383,-99.133822,10/13/2024,02:31:08,-71
19.437457,-99.133807,10/13/2024,02:31:15,-74
19.437470,-99.133803,10/13/2024,02:31:16,-68
19.437470,-99.133803,10/13/2024,02:31:16,-69
19.437747,-99.133697,10/13/2024,02:31:44,-67
19.437747,-99.133697,10/13/2024,02:31:44,-78
19.437747,-99.133697,10/13/2024,02:31:44,-81
19.437748,-99.133703,10/13/2024,02:31:48,-78
19.437750,-99.133702,10/13/2024,02:31:55,-75
19.437750,-99.133702,10/13/2024,02:31:55,-80
19.437750,-99.133702,10/13/2024,02:31:55,-73
19.437615,-99.133688,10/13/2024,02:32:23,-81
19.437615,-99.133688,10/13/2024,02:32:23,-76
19.437615,-99.133688,10/13/2024,02:32:23,-73
19.437615,-99.133688,10/13/2024,02:32:23,-70
19.437235,-99.133813,10/13/2024,02:32:57,-69
19.437225,-99.133815,10/13/2024,02:32:58,-70
19.437225,-99.133815,10/13/2024,02:32:58,-75
19.437165,-99.133812,10/13/2024,02:33:04,-75
19.437165,-99.133812,10/13/2024,02:33:04,-75
19.437027,-99.133650,10/13/2024,02:33:33,-66
19.436995,-99.133533,10/13/2024,02:33:41,-71
19.436995,-99.133533,10/13/2024,02:33:41,-73
19.436958,-99.133425,10/13/2024,02:33:48,-76
19.436958,-99.133425,10/13/2024,02:33:48,-84
19.436920,-99.133250,10/13/2024,02:34:01,-87
19.436818,-99.133078,10/13/2024,02:34:14,-82
19.436827,-99.133013,10/13/2024,02:34:20,-88
19.436822,-99.132998,10/13/2024,02:34:21,-86
19.436822,-99.132938,10/13/2024,02:34:27,-77
19.436822,-99.132938,10/13/2024,02:34:27,-84
19.436825,-99.132853,10/13/2024,02:34:33,-82
19.436822,-99.132707,10/13/2024,02:34:45,-83
19.436812,-99.132573,10/13/2024,02:34:57,-81
19.436808,-99.132562,10/13/2024,02:34:58,-79
19.436793,-99.132492,10/13/2024,02:35:04,-74
19.436765,-99.132415,10/13/2024,02:35:09,-76
19.436742,-99.132330,10/13/2024,02:35:16,-74
19.436707,-99.132092,10/13/2024,02:35:35,-79
19.436707,-99.132092,10/13/2024,02:35:35,-75
19.436707,-99.132092,10/13/2024,02:35:35,-74
19.436743,-99.132047,10/13/2024,02:35:39,-68
19.436670,-99.131770,10/13/2024,02:36:00,-69
19.436670,-99.131770,10/13/2024,02:36:00,-73
19.436670,-99.131770,10/13/2024,02:36:00,-80
19.436670,-99.131770,10/13/2024,02:36:00,-75
19.436657,-99.131675,10/13/2024,02:36:09,-75
19.436657,-99.131675,10/13/2024,02:36:09,-70
19.436730,-99.131652,10/13/2024,02:36:28,-68
19.436718,-99.131650,10/13/2024,02:36:35,-77
19.436550,-99.131647,10/13/2024,02:36:54,-86
19.436500,-99.131653,10/13/2024,02:36:58,-80
19.436290,-99.131667,10/13/2024,02:37:16,-77
19.436218,-99.131680,10/13/2024,02:37:22,-80
19.436218,-99.131680,10/13/2024,02:37:22,-75
19.436218,-99.131680,10/13/2024,02:37:22,-67
19.436218,-99.131680,10/13/2024,02:37:22,-76
19.436072,-99.131667,10/13/2024,02:37:34,-76
19.436072,-99.131667,10/13/2024,02:37:34,-66
19.435885,-99.131725,10/13/2024,02:37:53,-77
19.435892,-99.131800,10/13/2024,02:38:00,-78
19.435892,-99.131800,10/13/2024,02:38:00,-83
19.435892,-99.131800,10/13/2024,02:38:00,-83
19.435930,-99.132047,10/13/2024,02:38:20,-77
19.435930,-99.132047,10/13/2024,02:38:20,-75
19.435930,-99.132047,10/13/2024,02:38:20,-69
19.435930,-99.132047,10/13/2024,02:38:20,-70
19.435972,-99.132332,10/13/2024,02:38:55,-66
19.435990,-99.132390,10/13/2024,02:39:01,-75
19.435993,-99.132403,10/13/2024,02:39:02,-76
19.435993,-99.132403,10/13/2024,02:39:02,-80
19.435990,-99.132477,10/13/2024,02:39:08,-83
19.436015,-99.132558,10/13/2024,02:39:15,-74
19.436057,-99.132807,10/13/2024,02:39:38,-75
19.436053,-99.132865,10/13/2024,02:39:45,-75
19.436053,-99.132865,10/13/2024,02:39:45,-69
19.436053,-99.132865,10/13/2024,02:39:45,-71
19.436045,-99.132928,10/13/2024,02:39:51,-73
19.436045,-99.132928,10/13/2024,02:39:51,-73
19.436045,-99.132928,10/13/2024,02:39:51,-73
19.436045,-99.132928,10/13/2024,02:39:51,-76
19.436045,-99.132928,10/13/2024,02:39:51,-69
19.436098,-99.133343,10/13/2024,02:40:28,-69
19.436098,-99.133343,10/13/2024,02:40:28,-72
19.436085,-99.133753,10/13/2024,02:40:59,-78
19.436085,-99.133753,10/13/2024,02:40:59,-74
19.436085,-99.133753,10/13/2024,02:40:59,-75
19.436022,-99.133807,10/13/2024,02:41:05,-80
19.435795,-99.133883,10/13/2024,02:41:25,-66
19.435795,-99.133883,10/13/2024,02:41:25,-58
19.435795,-99.133883,10/13/2024,02:41:25,-69
19.435710,-99.133895,10/13/2024,02:41:31,-73
19.435710,-99.133895,10/13/2024,02:41:31,-72
19.435418,-99.133980,10/13/2024,02:41:57,-57
19.435407,-99.133985,10/13/2024,02:41:58,-77
19.435407,-99.133985,10/13/2024,02:41:58,-79
19.435338,-99.133982,10/13/2024,02:42:04,-73
19.435338,-99.133982,10/13/2024,02:42:04,-87
19.435142,-99.133757,10/13/2024,02:42:31,-80
19.435133,-99.133745,10/13/2024,02:42:32,-68
19.435133,-99.133745,10/13/2024,02:42:32,-77
19.435133,-99.133745,10/13/2024,02:42:32,-69
19.435107,-99.133347,10/13/2024,02:42:58,-76
19.435107,-99.133328,10/13/2024,02:42:59,-72
19.435107,-99.133328,10/13/2024,02:42:59,-82
19.435107,-99.133328,10/13/2024,02:42:59,-84
19.435020,-99.133060,10/13/2024,02:43:26,-85
19.435017,-99.133060,10/13/2024,02:43:27,-78
19.435012,-99.133035,10/13/2024,02:43:38,-81
19.435005,-99.133025,10/13/2024,02:43:45,-84
19.435008,-99.132988,10/13/2024,02:43:53,-80
19.434992,-99.132978,10/13/2024,02:43:59,-82
19.434992,-99.132978,10/13/2024,02:43:59,-77
19.434968,-99.132997,10/13/2024,02:44:13,-82
19.434992,-99.133032,10/13/2024,02:44:27,-83
19.434990,-99.133033,10/13/2024,02:44:35,-80
19.434990,-99.133033,10/13/2024,02:44:35,-83
19.434990,-99.133033,10/13/2024,02:44:35,-82
19.434990,-99.133033,10/13/2024,02:44:35,-85
19.435020,-99.133065,10/13/2024,02:45:09,-87
19.435022,-99.133068,10/13/2024,02:45:10,-81
19.435022,-99.133068,10/13/2024,02:45:10,-81
19.435022,-99.133068,10/13/2024,02:45:10,-82
19.434998,-99.133072,10/13/2024,02:45:37,-78
19.434993,-99.133072,10/13/2024,02:45:38,-79
19.434993,-99.133072,10/13/2024,02:45:38,-77
19.434993,-99.133072,10/13/2024,02:45:38,-78
19.434993,-99.133072,10/13/2024,02:45:38,-83
19.434983,-99.133050,10/13/2024,02:46:04,-81
19.434983,-99.133050,10/13/2024,02:46:04,-74
19.434983,-99.133050,10/13/2024,02:46:04,-82
19.434983,-99.133050,10/13/2024,02:46:04,-83
19.434983,-99.133050,10/13/2024,02:46:04,-82
19.434983,-99.133050,10/13/2024,02:46:04,-84
19.434983,-99.133050,10/13/2024,02:46:04,-83
19.434983,-99.133050,10/13/2024,02:46:04,-79
19.435005,-99.133022,10/13/2024,02:47:06,-80
19.434988,-99.133023,10/13/2024,02:47:13,-82
19.434988,-99.133023,10/13/2024,02:47:13,-75
19.434995,-99.133032,10/13/2024,02:47:20,-82
19.434968,-99.133025,10/13/2024,02:47:33,-85
19.434958,-99.133033,10/13/2024,02:47:41,-87
19.434958,-99.133033,10/13/2024,02:47:41,-84
19.434958,-99.133033,10/13/2024,02:47:41,-81
19.424850,-99.128255,10/13/2024,00:47:57,-70
19.427493,-99.132815,10/13/2024,01:51:00,-64
19.427493,-99.132815,10/13/2024,01:51:00,-76
19.427493,-99.132815,10/13/2024,01:51:00,-69
19.427493,-99.132815,10/13/2024,01:51:04,-62
19.427493,-99.132815,10/13/2024,01:51:04,-76
19.427493,-99.132815,10/13/2024,01:51:04,-81
19.427493,-99.132815,10/13/2024,01:51:04,-79
19.427493,-99.132815,10/13/2024,01:51:04,-82
19.428070,-99.132830,10/13/2024,01:51:46,-82
19.428082,-99.132842,10/13/2024,01:51:53,-77
19.428105,-99.132852,10/13/2024,01:52:00,-77
19.428105,-99.132852,10/13/2024,01:52:01,-70
19.428167,-99.132845,10/13/2024,01:52:08,-77
19.428245,-99.132797,10/13/2024,01:52:16,-70
19.428245,-99.132797,10/13/2024,01:52:16,-72
19.428607,-99.132712,10/13/2024,01:52:55,-76
19.428613,-99.132713,10/13/2024,01:52:56,-76
19.428613,-99.132713,10/13/2024,01:52:56,-77
19.428613,-99.132713,10/13/2024,01:52:56,-69
19.428680,-99.132717,10/13/2024,01:53:02,-74
19.428730,-99.132728,10/13/2024,01:53:10,-65
19.428730,-99.132728,10/13/2024,01:53:10,-80
19.428965,-99.132678,10/13/2024,01:53:44,-78
19.428978,-99.132680,10/13/2024,01:53:45,-75
19.428978,-99.132680,10/13/2024,01:53:45,-75
19.429092,-99.132637,10/13/2024,01:53:55,-81
19.429140,-99.132627,10/13/2024,01:54:09,-74
19.429140,-99.132627,10/13/2024,01:54:09,-74
19.429140,-99.132627,10/13/2024,01:54:16,-77
19.429140,-99.132627,10/13/2024,01:54:16,-73
19.429140,-99.132627,10/13/2024,01:54:16,-67
19.429140,-99.132627,10/13/2024,01:54:16,-63
19.429140,-99.132627,10/13/2024,01:54:16,-68
19.429140,-99.132627,10/13/2024,01:54:36,-73
19.429140,-99.132627,10/13/2024,01:54:50,-77
19.429140,-99.132627,10/13/2024,01:54:51,-74
19.429140,-99.132627,10/13/2024,01:54:51,-71
19.429140,-99.132627,10/13/2024,01:55:04,-67
19.429140,-99.132627,10/13/2024,01:55:04,-65
19.429140,-99.132627,10/13/2024,01:55:18,-69
19.429140,-99.132627,10/13/2024,01:55:18,-71
19.429140,-99.132627,10/13/2024,01:55:25,-76
19.429140,-99.132627,10/13/2024,01:55:32,-78
19.429140,-99.132627,10/13/2024,01:55:48,-72
19.429140,-99.132627,10/13/2024,01:55:48,-65
19.429140,-99.132627,10/13/2024,01:55:48,-74
19.429140,-99.132627,10/13/2024,01:55:48,-78
19.429140,-99.132627,10/13/2024,01:55:56,-66
19.429140,-99.132627,10/13/2024,01:55:56,-67
19.429140,-99.132627,10/13/2024,01:56:18,-61
19.429140,-99.132627,10/13/2024,01:56:18,-77
19.429140,-99.132627,10/13/2024,01:56:25,-78
19.429140,-99.132627,10/13/2024,01:56:25,-79
19.429140,-99.132627,10/13/2024,01:57:01,-85
19.429140,-99.132627,10/13/2024,01:57:08,-87
19.429140,-99.132627,10/13/2024,01:57:08,-90
19.429140,-99.132627,10/13/2024,01:57:15,-83
19.429140,-99.132627,10/13/2024,01:57:22,-82
19.431672,-99.132450,10/13/2024,01:57:29,-83
19.431783,-99.132460,10/13/2024,01:57:50,-80
19.431945,-99.132208,10/13/2024,01:58:11,-79
19.431945,-99.132208,10/13/2024,01:58:19,-74
19.431945,-99.132208,10/13/2024,01:58:19,-71
19.431945,-99.132208,10/13/2024,01:58:19,-70
19.431973,-99.132210,10/13/2024,01:58:26,-77
19.431973,-99.132210,10/13/2024,01:58:26,-84
19.431683,-99.132263,10/13/2024,01:58:39,-84
19.431582,-99.132260,10/13/2024,01:58:58,-81
19.431582,-99.132260,10/13/2024,01:58:58,-78
19.431582,-99.132260,10/13/2024,01:59:05,-81
19.431582,-99.132260,10/13/2024,01:59:06,-77
19.431582,-99.132260,10/13/2024,01:59:06,-83
19.431582,-99.132260,10/13/2024,01:59:19,-81
19.431582,-99.132260,10/13/2024,01:59:26,-87
19.431582,-99.132260,10/13/2024,01:59:33,-84
19.431582,-99.132260,10/13/2024,02:00:00,-82
19.431582,-99.132260,10/13/2024,02:00:01,-90
19.431582,-99.132260,10/13/2024,02:00:01,-83
19.431582,-99.132260,10/13/2024,02:00:01,-86
19.431582,-99.132260,10/13/2024,02:00:02,-79
19.431582,-99.132260,10/13/2024,02:00:07,-81
19.431582,-99.132260,10/13/2024,02:00:07,-81
19.432112,-99.132100,10/13/2024,02:00:20,-81
19.432112,-99.132100,10/13/2024,02:00:27,-82
19.432112,-99.132100,10/13/2024,02:00:49,-83
19.432112,-99.132100,10/13/2024,02:00:49,-78
19.432112,-99.132100,10/13/2024,02:00:49,-77
19.432112,-99.132100,10/13/2024,02:01:02,-84
19.432112,-99.132100,10/13/2024,02:01:02,-77
19.432112,-99.132100,10/13/2024,02:01:09,-82
19.432112,-99.132100,10/13/2024,02:01:09,-87
19.432112,-99.132100,10/13/2024,02:01:16,-79
19.432112,-99.132100,10/13/2024,02:01:22,-89
19.432112,-99.132100,10/13/2024,02:01:36,-76
19.432112,-99.132100,10/13/2024,02:01:36,-82
19.432112,-99.132100,10/13/2024,02:02:00,-82
19.432112,-99.132100,10/13/2024,02:02:06,-83
19.432112,-99.132100,10/13/2024,02:02:07,-79
19.432112,-99.132100,10/13/2024,02:02:07,-81
19.432112,-99.132100,10/13/2024,02:02:12,-79
19.432112,-99.132100,10/13/2024,02:02:13,-66
19.432112,-99.132100,10/13/2024,02:02:13,-64
19.432112,-99.132100,10/13/2024,02:02:19,-78
19.432112,-99.132100,10/13/2024,02:02:25,-71
19.432112,-99.132100,10/13/2024,02:02:25,-75
19.432112,-99.132100,10/13/2024,02:02:25,-66
19.432112,-99.132100,10/13/2024,02:02:25,-66
19.432112,-99.132100,10/13/2024,02:02:46,-74
19.432112,-99.132100,10/13/2024,02:03:05,-75
19.432112,-99.132100,10/13/2024,02:03:05,-73
19.432112,-99.132100,10/13/2024,02:03:25,-74
19.432112,-99.132100,10/13/2024,02:03:32,-71
19.432112,-99.132100,10/13/2024,02:03:32,-77
19.432112,-99.132100,10/13/2024,02:03:39,-67
19.432112,-99.132100,10/13/2024,02:03:45,-60
19.432112,-99.132100,10/13/2024,02:03:45,-71
19.432112,-99.132100,10/13/2024,02:03:45,-76
19.432112,-99.132100,10/13/2024,02:03:45,-77
19.432112,-99.132100,10/13/2024,02:03:45,-75
19.432112,-99.132100,10/13/2024,02:04:03,-77
19.432112,-99.132100,10/13/2024,02:04:21,-73
19.432112,-99.132100,10/13/2024,02:04:21,-78
19.432112,-99.132100,10/13/2024,02:04:21,-76
19.432112,-99.132100,10/13/2024,02:04:34,-68
19.432112,-99.132100,10/13/2024,02:04:34,-70
19.432112,-99.132100,10/13/2024,02:04:40,-73
19.432112,-99.132100,10/13/2024,02:04:53,-82
19.432112,-99.132100,10/13/2024,02:04:53,-84
19.432112,-99.132100,10/13/2024,02:05:14,-68
19.432112,-99.132100,10/13/2024,02:05:14,-75
19.432112,-99.132100,10/13/2024,02:05:21,-86
19.432112,-99.132100,10/13/2024,02:05:46,-79
19.432112,-99.132100,10/13/2024,02:05:53,-81
19.432112,-99.132100,10/13/2024,02:05:59,-81
19.432112,-99.132100,10/13/2024,02:05:59,-73
19.432112,-99.132100,10/13/2024,02:06:11,-69
19.432112,-99.132100,10/13/2024,02:06:11,-73
19.432112,-99.132100,10/13/2024,02:06:16,-70
19.432112,-99.132100,10/13/2024,02:06:28,-75
19.432112,-99.132100,10/13/2024,02:06:34,-75
19.432112,-99.132100,10/13/2024,02:06:34,-79
19.432953,-99.134122,10/13/2024,02:06:51,-64
19.432953,-99.134122,10/13/2024,02:06:51,-72
19.432953,-99.134122,10/13/2024,02:06:51,-76
19.432953,-99.134122,10/13/2024,02:07:26,-87
19.433485,-99.134048,10/13/2024,02:07:32,-63
19.433485,-99.134048,10/13/2024,02:07:39,-71
19.433485,-99.134048,10/13/2024,02:07:39,-71
19.433485,-99.134048,10/13/2024,02:07:39,-59
19.433485,-99.134048,10/13/2024,02:08:10,-63
19.433485,-99.134048,10/13/2024,02:08:16,-76
19.433485,-99.134048,10/13/2024,02:08:16,-78
19.433485,-99.134048,10/13/2024,02:08:16,-81
19.433485,-99.134048,10/13/2024,02:08:16,-74
19.433485,-99.134048,10/13/2024,02:08:45,-81
19.433485,-99.134048,10/13/2024,02:08:45,-79
19.434070,-99.134232,10/13/2024,02:08:52,-82
19.434070,-99.134232,10/13/2024,02:08:52,-76
19.434153,-99.134395,10/13/2024,02:09:01,-81
19.434153,-99.134395,10/13/2024,02:09:01,-75
19.434108,-99.134697,10/13/2024,02:09:28,-63
19.434058,-99.134840,10/13/2024,02:09:35,-74
19.434105,-99.134840,10/13/2024,02:09:36,-80
19.434105,-99.134840,10/13/2024,02:09:36,-73
19.434082,-99.134943,10/13/2024,02:09:49,-86
19.434082,-99.134943,10/13/2024,02:09:49,-74
19.434082,-99.134943,10/13/2024,02:09:56,-65
19.434082,-99.134943,10/13/2024,02:10:04,-65
19.434082,-99.134943,10/13/2024,02:10:04,-66
19.434082,-99.134943,10/13/2024,02:10:04,-57
19.434082,-99.134943,10/13/2024,02:10:10,-69
19.434082,-99.134943,10/13/2024,02:10:10,-73
19.434082,-99.134943,10/13/2024,02:10:10,-75
19.434082,-99.134943,10/13/2024,02:10:10,-70
19.434082,-99.134943,10/13/2024,02:10:31,-72
19.434082,-99.134943,10/13/2024,02:10:31,-73
19.434082,-99.134943,10/13/2024,02:10:45,-73
19.434082,-99.134943,10/13/2024,02:10:45,-73
19.434082,-99.134943,10/13/2024,02:11:06,-79
19.434082,-99.134943,10/13/2024,02:11:13,-76
19.434082,-99.134943,10/13/2024,02:11:13,-82
19.434082,-99.134943,10/13/2024,02:11:36,-72
19.434082,-99.134943,10/13/2024,02:11:43,-78
19.434082,-99.134943,10/13/2024,02:11:44,-67
19.434125,-99.136135,10/13/2024,02:11:58,-67
19.434125,-99.136135,10/13/2024,02:11:58,-72
19.434408,-99.136080,10/13/2024,02:12:34,-76
19.434387,-99.136110,10/13/2024,02:12:35,-79
19.434320,-99.136290,10/13/2024,02:12:42,-75
19.434408,-99.136487,10/13/2024,02:12:56,-81
19.434468,-99.136403,10/13/2024,02:13:04,-72
19.434468,-99.136403,10/13/2024,02:13:04,-70
19.434418,-99.136617,10/13/2024,02:13:10,-74
19.434373,-99.136658,10/13/2024,02:13:18,-59
19.434477,-99.136673,10/13/2024,02:13:25,-67
19.434253,-99.136838,10/13/2024,02:13:32,-68
19.434510,-99.136900,10/13/2024,02:13:39,-76
19.434510,-99.136900,10/13/2024,02:13:39,-78
19.434510,-99.136900,10/13/2024,02:13:39,-71
19.434482,-99.137252,10/13/2024,02:14:10,-73
19.434532,-99.137288,10/13/2024,02:14:11,-74
19.434417,-99.137370,10/13/2024,02:14:19,-74
19.434417,-99.137370,10/13/2024,02:14:19,-77
19.434417,-99.137370,10/13/2024,02:14:19,-73
19.434460,-99.137607,10/13/2024,02:14:42,-76
19.434388,-99.137695,10/13/2024,02:14:51,-57
19.434497,-99.137843,10/13/2024,02:14:57,-79
19.434485,-99.137848,10/13/2024,02:15:05,-68
19.434612,-99.137985,10/13/2024,02:15:13,-70
19.434612,-99.137985,10/13/2024,02:15:13,-73
19.434612,-99.137985,10/13/2024,02:15:13,-68
19.434387,-99.138123,10/13/2024,02:15:44,-76
19.434453,-99.138288,10/13/2024,02:15:45,-77
19.434453,-99.138288,10/13/2024,02:15:45,-70
19.434453,-99.138288,10/13/2024,02:15:45,-72
19.434410,-99.138287,10/13/2024,02:16:14,-75
19.434447,-99.138395,10/13/2024,02:16:15,-71
19.434447,-99.138395,10/13/2024,02:16:15,-74
19.434450,-99.138222,10/13/2024,02:16:30,-73
19.434357,-99.138118,10/13/2024,02:16:44,-69
19.434493,-99.138145,10/13/2024,02:16:51,-67
19.434600,-99.138170,10/13/2024,02:16:52,-83
19.434710,-99.138318,10/13/2024,02:16:58,-89
19.434577,-99.138280,10/13/2024,02:17:05,-85
19.434577,-99.138280,10/13/2024,02:17:05,-83
19.434787,-99.138380,10/13/2024,02:17:19,-72
19.434787,-99.138380,10/13/2024,02:17:19,-81
19.434677,-99.138695,10/13/2024,02:17:32,-83
19.434773,-99.138727,10/13/2024,02:17:40,-78
19.434773,-99.138727,10/13/2024,02:17:40,-71
19.434658,-99.139210,10/13/2024,02:18:10,-74
19.434658,-99.139210,10/13/2024,02:18:10,-74
19.434658,-99.139210,10/13/2024,02:18:10,-83
19.434677,-99.139288,10/13/2024,02:18:17,-70
19.434793,-99.139407,10/13/2024,02:18:32,-79
19.434835,-99.139407,10/13/2024,02:18:33,-75
19.434835,-99.139407,10/13/2024,02:18:33,-80
19.434912,-99.139492,10/13/2024,02:18:40,-85
19.434912,-99.139492,10/13/2024,02:18:40,-86
19.434877,-99.139822,10/13/2024,02:19:09,-84
19.434880,-99.139832,10/13/2024,02:19:10,-82
19.434880,-99.139832,10/13/2024,02:19:10,-81
19.434890,-99.140215,10/13/2024,02:19:41,-79
19.434890,-99.140215,10/13/2024,02:19:41,-80
19.434890,-99.140215,10/13/2024,02:19:41,-84
19.434907,-99.140492,10/13/2024,02:20:04,-78
19.434900,-99.140513,10/13/2024,02:20:05,-76
19.434900,-99.140513,10/13/2024,02:20:05,-75
19.434900,-99.140513,10/13/2024,02:20:05,-80
19.434900,-99.140513,10/13/2024,02:20:05,-82
19.434797,-99.140655,10/13/2024,02:20:32,-82
19.434797,-99.140655,10/13/2024,02:20:32,-76
19.434797,-99.140655,10/13/2024,02:20:32,-73
19.434793,-99.140822,10/13/2024,02:20:50,-72
19.434793,-99.140903,10/13/2024,02:20:57,-63
19.434793,-99.140905,10/13/2024,02:20:58,-63
19.434793,-99.140905,10/13/2024,02:20:58,-70
19.434798,-99.140903,10/13/2024,02:21:04,-68
19.434797,-99.140983,10/13/2024,02:21:27,-61
19.434797,-99.140983,10/13/2024,02:21:27,-64
19.434808,-99.140978,10/13/2024,02:21:33,-73
19.434810,-99.140977,10/13/2024,02:21:34,-69
19.434807,-99.140935,10/13/2024,02:21:55,-66
19.434833,-99.140948,10/13/2024,02:22:02,-67
19.434833,-99.140948,10/13/2024,02:22:03,-68
19.434833,-99.140948,10/13/2024,02:22:03,-63
19.434817,-99.140958,10/13/2024,02:22:10,-58
19.434817,-99.140958,10/13/2024,02:22:10,-61
19.434817,-99.140958,10/13/2024,02:22:10,-65
19.434817,-99.140958,10/13/2024,02:22:10,-68
19.434817,-99.140958,10/13/2024,02:22:10,-65
19.434780,-99.140962,10/13/2024,02:22:53,-66
19.434780,-99.140963,10/13/2024,02:22:54,-65
19.434818,-99.140975,10/13/2024,02:23:00,-67
19.434830,-99.140957,10/13/2024,02:23:15,-76
19.434830,-99.140957,10/13/2024,02:23:15,-80
19.434877,-99.140922,10/13/2024,02:23:30,-80
19.434935,-99.140898,10/13/2024,02:23:37,-78
19.435058,-99.140832,10/13/2024,02:23:52,-89
19.435058,-99.140832,10/13/2024,02:23:52,-87
19.435058,-99.140832,10/13/2024,02:23:52,-82
19.435113,-99.140773,10/13/2024,02:23:59,-80
19.435387,-99.140745,10/13/2024,02:24:27,-77
19.435387,-99.140745,10/13/2024,02:24:27,-85
19.435387,-99.140745,10/13/2024,02:24:27,-81
19.435387,-99.140745,10/13/2024,02:24:27,-88
19.435572,-99.140702,10/13/2024,02:24:46,-87
19.435673,-99.140693,10/13/2024,02:24:53,-82
19.435780,-99.140708,10/13/2024,02:25:01,-76
19.435780,-99.140708,10/13/2024,02:25:01,-85
19.436010,-99.140732,10/13/2024,02:25:15,-89
19.435967,-99.140655,10/13/2024,02:25:30,-88
19.435982,-99.140647,10/13/2024,02:25:37,-90
19.435982,-99.140647,10/13/2024,02:25:37,-86
19.435972,-99.140670,10/13/2024,02:25:45,-71
19.435972,-99.140670,10/13/2024,02:25:45,-86
19.435972,-99.140670,10/13/2024,02:25:45,-83
19.435972,-99.140670,10/13/2024,00:02:08,-72
19.435995,-99.140662,10/13/2024,02:26:14,-85
19.435995,-99.140662,10/13/2024,02:26:14,-86
19.435995,-99.140662,10/13/2024,02:26:14,-84
19.436000,-99.140647,10/13/2024,02:26:20,-79
19.436017,-99.140473,10/13/2024,02:26:56,-85
19.436017,-99.140473,10/13/2024,02:26:56,-81
19.436017,-99.140473,10/13/2024,02:26:56,-81
19.435985,-99.140268,10/13/2024,02:27:13,-72
19.435985,-99.140268,10/13/2024,02:27:13,-69
19.435958,-99.140183,10/13/2024,02:27:20,-60
19.435953,-99.140172,10/13/2024,02:27:21,-67
19.435923,-99.140122,10/13/2024,02:27:26,-81
19.435942,-99.139848,10/13/2024,02:27:46,-80
19.435968,-99.139757,10/13/2024,02:27:53,-76
19.435968,-99.139757,10/13/2024,02:27:53,-82
19.435968,-99.139757,10/13/2024,02:27:53,-79
19.435952,-99.139673,10/13/2024,02:27:59,-81
19.435952,-99.139673,10/13/2024,02:27:59,-84
19.435870,-99.139450,10/13/2024,02:28:19,-80
19.435877,-99.139348,10/13/2024,02:28:27,-81
19.435863,-99.139250,10/13/2024,02:28:34,-81
19.435863,-99.139250,10/13/2024,02:28:34,-86
19.435855,-99.139165,10/13/2024,02:28:41,-78
19.435855,-99.139165,10/13/2024,02:28:41,-70
19.435883,-99.139058,10/13/2024,02:29:07,-69
19.435877,-99.139052,10/13/2024,02:29:08,-84
19.435877,-99.139052,10/13/2024,02:29:08,-82
19.435838,-99.138982,10/13/2024,02:29:15,-75
19.435807,-99.138913,10/13/2024,02:29:21,-75
19.435817,-99.138823,10/13/2024,02:29:28,-80
19.435817,-99.138823,10/13/2024,02:29:28,-73
19.435768,-99.138568,10/13/2024,02:29:50,-73
19.435702,-99.138490,10/13/2024,02:29:57,-74
19.435702,-99.138490,10/13/2024,02:29:57,-78
19.435752,-99.138388,10/13/2024,02:30:04,-69
19.435752,-99.138388,10/13/2024,02:30:04,-68
19.435850,-99.138230,10/13/2024,02:30:17,-65
19.435725,-99.138013,10/13/2024,02:30:39,-75
19.435702,-99.137928,10/13/2024,02:30:47,-81
19.435702,-99.137928,10/13/2024,02:30:47,-83
19.435702,-99.137928,10/13/2024,02:30:47,-81
19.435675,-99.137842,10/13/2024,02:30:54,-73
19.435602,-99.137603,10/13/2024,02:31:14,-74
19.435565,-99.137510,10/13/2024,02:31:20,-85
19.435565,-99.137502,10/13/2024,02:31:21,-74
19.435565,-99.137502,10/13/2024,02:31:21,-78
19.435565,-99.137502,10/13/2024,02:31:21,-81
19.435615,-99.137312,10/13/2024,02:31:35,-75
19.435647,-99.136970,10/13/2024,02:32:05,-73
19.435647,-99.136970,10/13/2024,02:32:05,-64
19.435647,-99.136970,10/13/2024,02:32:05,-78
19.435583,-99.136843,10/13/2024,02:32:16,-76
19.435593,-99.136758,10/13/2024,02:32:23,-81
19.435593,-99.136758,10/13/2024,02:32:23,-81
19.435608,-99.136668,10/13/2024,02:32:30,-77
19.435608,-99.136668,10/13/2024,02:32:30,-71
19.435550,-99.136353,10/13/2024,02:32:57,-54
19.435553,-99.136340,10/13/2024,02:32:58,-69
19.435553,-99.136340,10/13/2024,02:32:58,-61
19.435513,-99.135997,10/13/2024,02:33:29,-83
19.435513,-99.135997,10/13/2024,02:33:29,-78
19.435513,-99.135997,10/13/2024,02:33:29,-79
19.435565,-99.135962,10/13/2024,02:33:54,-86
19.435565,-99.135962,10/13/2024,02:33:54,-80
19.435565,-99.135962,10/13/2024,02:33:54,-73
19.435565,-99.135962,10/13/2024,02:33:54,-80
19.435473,-99.135987,10/13/2024,02:34:11,-78
19.435460,-99.135950,10/13/2024,02:34:18,-75
19.435457,-99.135950,10/13/2024,02:34:19,-75
19.435448,-99.135840,10/13/2024,02:34:32,-81
19.435438,-99.135653,10/13/2024,02:34:46,-81
19.435397,-99.135570,10/13/2024,02:34:54,-67
19.435385,-99.135557,10/13/2024,02:34:55,-80
19.435358,-99.135453,10/13/2024,02:35:02,-77
19.435358,-99.135453,10/13/2024,02:35:02,-70
19.435313,-99.135302,10/13/2024,02:35:15,-76
19.435313,-99.135302,10/13/2024,02:35:15,-77
19.435343,-99.135203,10/13/2024,02:35:22,-59
19.435347,-99.135117,10/13/2024,02:35:29,-72
19.435347,-99.135117,10/13/2024,02:35:29,-79
19.435333,-99.134948,10/13/2024,02:35:44,-81
19.435333,-99.134948,10/13/2024,02:35:44,-85
19.435333,-99.134948,10/13/2024,02:35:44,-74
19.435200,-99.134500,10/13/2024,02:36:21,-77
19.435270,-99.134470,10/13/2024,02:36:22,-79
19.435270,-99.134470,10/13/2024,02:36:22,-74
19.435257,-99.134187,10/13/2024,02:36:47,-72
19.435257,-99.134187,10/13/2024,02:36:47,-71
19.435257,-99.134187,10/13/2024,02:36:47,-68
19.435257,-99.134187,10/13/2024,02:36:47,-60
19.435250,-99.134118,10/13/2024,02:36:53,-70
19.435250,-99.134118,10/13/2024,02:36:53,-73
19.435078,-99.133628,10/13/2024,02:37:34,-75
19.435078,-99.133628,10/13/2024,02:37:34,-81
19.435078,-99.133628,10/13/2024,02:37:34,-81
19.435043,-99.133382,10/13/2024,02:37:58,-86
19.435042,-99.133372,10/13/2024,02:37:59,-74
19.435042,-99.133372,10/13/2024,02:37:59,-80
19.435042,-99.133372,10/13/2024,02:37:59,-86
19.435020,-99.133037,10/13/2024,02:38:26,-83
19.435022,-99.133028,10/13/2024,02:38:27,-83
19.435022,-99.133028,10/13/2024,02:38:27,-85
19.435022,-99.133028,10/13/2024,02:38:27,-83
19.435022,-99.133028,10/13/2024,02:38:27,-87
19.435005,-99.133027,10/13/2024,02:38:33,-81
19.435005,-99.133027,10/13/2024,02:38:33,-83
19.435005,-99.133027,10/13/2024,02:38:33,-87
19.434842,-99.132960,10/13/2024,02:38:51,-82
19.434753,-99.132872,10/13/2024,02:39:05,-83
19.434753,-99.132872,10/13/2024,02:39:05,-81
19.434790,-99.132932,10/13/2024,02:39:26,-86
19.434788,-99.132933,10/13/2024,02:39:34,-84
19.434788,-99.132933,10/13/2024,02:39:34,-83
19.434775,-99.132942,10/13/2024,02:39:48,-81
19.434775,-99.132942,10/13/2024,02:39:48,-84
19.434635,-99.132858,10/13/2024,02:40:02,-82
19.434635,-99.132858,10/13/2024,02:40:02,-82
19.434635,-99.132858,10/13/2024,02:40:02,-80
19.434632,-99.132858,10/13/2024,02:40:23,-82
19.434692,-99.132872,10/13/2024,02:40:30,-77
19.434760,-99.132892,10/13/2024,02:40:38,-77
19.434760,-99.132892,10/13/2024,02:40:38,-80
19.434760,-99.132892,10/13/2024,02:40:38,-82
19.434760,-99.132892,10/13/2024,02:40:38,-83
19.434820,-99.132917,10/13/2024,02:40:51,-82
19.434805,-99.132925,10/13/2024,02:41:13,-84
19.434772,-99.132923,10/13/2024,02:41:20,-87
19.434802,-99.132917,10/13/2024,02:41:28,-80
19.434802,-99.132917,10/13/2024,02:41:28,-80
19.434830,-99.132898,10/13/2024,02:41:41,-77
19.434777,-99.132918,10/13/2024,02:41:56,-82
19.434777,-99.132918,10/13/2024,02:41:56,-85
19.434777,-99.132918,10/13/2024,02:41:56,-84
19.434767,-99.132902,10/13/2024,02:42:02,-81
19.434750,-99.132877,10/13/2024,02:42:16,-85
19.434708,-99.132883,10/13/2024,02:42:31,-84
19.434708,-99.132883,10/13/2024,02:42:31,-80
19.434790,-99.132922,10/13/2024,02:42:37,-78
19.434790,-99.132922,10/13/2024,02:42:37,-83
19.434792,-99.132907,10/13/2024,02:42:44,-80
19.434792,-99.132907,10/13/2024,02:42:44,-78
19.434785,-99.132898,10/13/2024,02:43:12,-80
19.434792,-99.132902,10/13/2024,02:43:13,-81
19.434792,-99.132902,10/13/2024,02:43:13,-80
19.434812,-99.132918,10/13/2024,02:43:26,-83
19.434838,-99.132922,10/13/2024,02:43:40,-83
19.434845,-99.132933,10/13/2024,02:43:41,-83
19.434845,-99.132933,10/13/2024,02:43:41,-83
19.434860,-99.132962,10/13/2024,02:43:48,-86
19.434807,-99.132950,10/13/2024,02:44:16,-82
19.434807,-99.132950,10/13/2024,02:44:16,-78
19.434807,-99.132950,10/13/2024,02:44:16,-81
19.434817,-99.132973,10/13/2024,02:44:27,-79
19.434817,-99.132973,10/13/2024,02:44:27,-82
19.434887,-99.133025,10/13/2024,02:44:41,-82
19.434877,-99.132998,10/13/2024,02:44:56,-81
19.434877,-99.132998,10/13/2024,02:44:56,-82
19.434843,-99.133002,10/13/2024,02:45:03,-83
19.434843,-99.133002,10/13/2024,02:45:03,-80
19.434843,-99.133002,10/13/2024,02:45:03,-86
19.434857,-99.133010,10/13/2024,02:45:16,-80
19.434748,-99.132962,10/13/2024,02:45:30,-79
19.434822,-99.132980,10/13/2024,02:45:52,-81
19.434822,-99.132980,10/13/2024,02:45:52,-80
19.434822,-99.132980,10/13/2024,02:45:52,-77
19.434783,-99.132958,10/13/2024,02:46:03,-78
19.434782,-99.132950,10/13/2024,02:46:10,-80
19.434783,-99.132942,10/13/2024,02:46:18,-79
19.434802,-99.132972,10/13/2024,02:46:32,-82
19.434848,-99.132980,10/13/2024,02:46:39,-83
19.434848,-99.132980,10/13/2024,02:46:39,-84
19.434835,-99.132987,10/13/2024,02:46:46,-80
19.434835,-99.132987,10/13/2024,02:46:46,-83
19.434835,-99.132987,10/13/2024,02:46:46,-83
19.434835,-99.132987,10/13/2024,02:46:46,-81
19.434835,-99.132987,10/13/2024,02:46:46,-83
19.434872,-99.133005,10/13/2024,02:47:23,-84
19.434865,-99.132997,10/13/2024,02:47:24,-79
19.434912,-99.133043,10/13/2024,02:47:30,-76
19.434945,-99.133095,10/13/2024,02:47:37,-77
19.434900,-99.133063,10/13/2024,02:47:44,-85
19.434900,-99.133063,10/13/2024,02:47:44,-80
19.424918,-99.128315,10/13/2024,00:34:33,-59
19.424918,-99.128315,10/13/2024,00:34:33,-59
19.426662,-99.133218,10/13/2024,01:47:42,-81
19.426662,-99.133218,10/13/2024,01:47:42,-78
19.426708,-99.133138,10/13/2024,01:47:47,-82
19.426733,-99.133177,10/13/2024,01:47:48,-82
19.426817,-99.132953,10/13/2024,01:47:53,-70
19.426732,-99.133062,10/13/2024,01:48:05,-74
19.426765,-99.133072,10/13/2024,01:48:11,-77
19.426765,-99.133072,10/13/2024,01:48:11,-71
19.426745,-99.133072,10/13/2024,01:48:18,-77
19.426745,-99.133072,10/13/2024,01:48:18,-80
19.426732,-99.133058,10/13/2024,01:48:31,-81
19.426732,-99.133058,10/13/2024,01:48:31,-80
19.426732,-99.133058,10/13/2024,01:48:31,-82
19.426750,-99.133038,10/13/2024,01:49:04,-80
19.426753,-99.133038,10/13/2024,01:49:05,-79
19.426752,-99.133047,10/13/2024,01:49:08,-79
19.426758,-99.133005,10/13/2024,01:49:20,-79
19.426760,-99.132968,10/13/2024,01:49:27,-76
19.426760,-99.132968,10/13/2024,01:49:27,-71
19.426770,-99.132953,10/13/2024,01:49:33,-80
19.426848,-99.133020,10/13/2024,01:49:47,-81
19.426912,-99.133023,10/13/2024,01:49:54,-81
19.426912,-99.133023,10/13/2024,01:49:54,-68
19.426912,-99.133023,10/13/2024,01:49:54,-75
19.427017,-99.132985,10/13/2024,01:50:06,-76
19.427017,-99.132985,10/13/2024,01:50:06,-77
19.427017,-99.132985,10/13/2024,01:50:06,-74
19.427200,-99.132978,10/13/2024,01:50:33,-84
19.427200,-99.132978,10/13/2024,01:50:33,-75
19.427200,-99.132978,10/13/2024,01:50:33,-72
19.427200,-99.132978,10/13/2024,01:50:33,-73
19.427347,-99.132850,10/13/2024,01:50:53,-58
19.427410,-99.132813,10/13/2024,01:51:00,-76
19.427455,-99.132832,10/13/2024,01:51:08,-80
19.427455,-99.132832,10/13/2024,01:51:08,-77
19.427455,-99.132832,10/13/2024,01:51:08,-80
19.427462,-99.132860,10/13/2024,01:51:14,-80
19.427462,-99.132860,10/13/2024,01:51:14,-81
19.427718,-99.132873,10/13/2024,01:51:43,-81
19.427718,-99.132873,10/13/2024,01:51:43,-80
19.427815,-99.132888,10/13/2024,01:51:57,-75
19.427813,-99.132910,10/13/2024,01:52:04,-79
19.427803,-99.132898,10/13/2024,01:52:11,-64
19.427803,-99.132898,10/13/2024,01:52:11,-69
19.427883,-99.132890,10/13/2024,01:52:18,-62
19.427883,-99.132890,10/13/2024,01:52:18,-64
19.427977,-99.132883,10/13/2024,01:52:26,-62
19.428060,-99.132870,10/13/2024,01:52:34,-69
19.428060,-99.132870,10/13/2024,01:52:34,-75
19.428060,-99.132870,10/13/2024,01:52:34,-76
19.428392,-99.132747,10/13/2024,01:53:21,-75
19.428452,-99.132743,10/13/2024,01:53:29,-73
19.428460,-99.132742,10/13/2024,01:53:30,-80
19.428460,-99.132742,10/13/2024,01:53:30,-76
19.428753,-99.132713,10/13/2024,01:53:58,-65
19.428763,-99.132713,10/13/2024,01:53:59,-75
19.428763,-99.132713,10/13/2024,01:53:59,-69
19.428763,-99.132713,10/13/2024,01:53:59,-59
19.429105,-99.132563,10/13/2024,01:54:24,-68
19.429118,-99.132558,10/13/2024,01:54:25,-74
19.429118,-99.132558,10/13/2024,01:54:25,-67
19.429357,-99.132560,10/13/2024,01:54:49,-69
19.429397,-99.132607,10/13/2024,01:54:56,-54
19.429403,-99.132613,10/13/2024,01:54:57,-69
19.429403,-99.132613,10/13/2024,01:54:57,-69
19.429450,-99.132612,10/13/2024,01:55:03,-74
19.429495,-99.132628,10/13/2024,01:55:10,-72
19.429728,-99.132575,10/13/2024,01:55:32,-73
19.429728,-99.132575,10/13/2024,01:55:32,-64
19.429728,-99.132575,10/13/2024,01:55:32,-59
19.429728,-99.132575,10/13/2024,01:55:32,-69
19.429905,-99.132492,10/13/2024,01:55:48,-71
19.429905,-99.132492,10/13/2024,01:55:48,-73
19.430158,-99.132573,10/13/2024,01:56:16,-68
19.430250,-99.132527,10/13/2024,01:56:25,-70
19.430250,-99.132527,10/13/2024,01:56:25,-69
19.430328,-99.132523,10/13/2024,01:56:32,-69
19.430390,-99.132485,10/13/2024,01:56:39,-55
19.430457,-99.132477,10/13/2024,01:56:46,-71
19.430457,-99.132477,10/13/2024,01:56:46,-59
19.430527,-99.132480,10/13/2024,01:56:53,-71
19.430602,-99.132503,10/13/2024,01:57:00,-78
19.430698,-99.132445,10/13/2024,01:57:08,-84
19.430757,-99.132377,10/13/2024,01:57:14,-79
19.430922,-99.132303,10/13/2024,01:57:29,-81
19.430958,-99.132375,31/01/2002,01:57:36,-80
19.430958,-99.132375,31/01/2002,01:57:36,-81
19.431000,-99.132413,10/13/2024,01:57:43,-74
19.431000,-99.132413,10/13/2024,01:57:43,-78
19.431065,-99.132513,10/13/2024,01:57:57,-77
19.431065,-99.132513,10/13/2024,01:57:57,-79
19.431065,-99.132513,10/13/2024,01:57:57,-75
19.431065,-99.132513,10/13/2024,01:57:57,-72
19.431387,-99.132520,10/13/2024,01:58:33,-78
19.431387,-99.132520,10/13/2024,01:58:33,-80
19.431473,-99.132418,10/13/2024,01:58:45,-81
19.431538,-99.132358,10/13/2024,01:58:52,-68
19.431538,-99.132358,10/13/2024,01:58:52,-71
19.431538,-99.132358,10/13/2024,01:58:52,-71
19.431692,-99.132307,10/13/2024,01:59:12,-75
19.431692,-99.132307,10/13/2024,01:59:12,-77
19.431713,-99.132333,10/13/2024,01:59:25,-74
19.431693,-99.132373,10/13/2024,01:59:39,-78
19.431667,-99.132437,10/13/2024,01:59:47,-77
19.431667,-99.132438,10/13/2024,01:59:48,-82
19.431675,-99.132540,10/13/2024,01:59:55,-81
19.431680,-99.132593,10/13/2024,02:00:01,-76
19.431680,-99.132593,10/13/2024,02:00:01,-81
19.431677,-99.132557,10/13/2024,02:00:22,-84
19.431677,-99.132557,10/13/2024,02:00:22,-81
19.431672,-99.132523,10/13/2024,02:00:28,-80
19.431612,-99.132425,10/13/2024,02:00:42,-79
19.431607,-99.132418,10/13/2024,02:00:48,-78
19.431607,-99.132418,10/13/2024,02:00:48,-81
19.431607,-99.132418,10/13/2024,02:00:48,-82
19.431607,-99.132418,10/13/2024,02:00:48,-82
19.431545,-99.132405,10/13/2024,02:01:12,-79
19.431545,-99.132405,10/13/2024,02:01:12,-78
19.431545,-99.132405,10/13/2024,02:01:12,-87
19.431543,-99.132420,10/13/2024,02:01:19,-82
19.431517,-99.132473,10/13/2024,02:01:39,-79
19.431517,-99.132473,10/13/2024,02:01:39,-80
19.431507,-99.132480,10/13/2024,02:01:46,-72
19.431500,-99.132493,10/13/2024,02:01:47,-80
19.431500,-99.132505,10/13/2024,02:01:52,-78
19.431500,-99.132505,10/13/2024,02:01:52,-80
19.431683,-99.132507,10/13/2024,02:02:18,-82
19.431688,-99.132502,10/13/2024,02:02:19,-82
19.431688,-99.132502,10/13/2024,02:02:19,-85
19.431707,-99.132480,10/13/2024,02:02:44,-82
19.431707,-99.132480,10/13/2024,02:02:44,-80
19.431707,-99.132480,10/13/2024,02:02:44,-83
19.431732,-99.132492,10/13/2024,02:03:07,-79
19.431730,-99.132493,10/13/2024,02:03:08,-73
19.431730,-99.132493,10/13/2024,02:03:08,-76
19.431730,-99.132493,10/13/2024,02:03:08,-79
19.431730,-99.132493,10/13/2024,02:03:08,-83
19.431730,-99.132493,10/13/2024,02:03:08,-84
19.431725,-99.132455,10/13/2024,02:03:39,-76
19.431725,-99.132455,10/13/2024,02:03:39,-77
19.431697,-99.132555,10/13/2024,02:03:58,-76
19.431688,-99.132568,10/13/2024,02:03:59,-77
19.431688,-99.132568,10/13/2024,02:03:59,-73
19.431688,-99.132568,10/13/2024,02:03:59,-76
19.431597,-99.132740,10/13/2024,02:04:11,-68
19.431597,-99.132740,10/13/2024,02:04:11,-72
19.431682,-99.132963,10/13/2024,02:04:37,-71
19.431672,-99.132980,10/13/2024,02:04:38,-70
19.431510,-99.133117,10/13/2024,02:04:44,-68
19.431463,-99.133153,10/13/2024,02:04:45,-61
19.431382,-99.133248,10/13/2024,02:04:50,-68
19.431388,-99.133360,10/13/2024,02:05:00,-70
19.431388,-99.133360,10/13/2024,02:05:00,-65
19.431388,-99.133360,10/13/2024,02:05:00,-73
19.431388,-99.133360,10/13/2024,02:05:00,-75
19.431388,-99.133360,10/13/2024,02:05:00,-77
19.431832,-99.133600,10/13/2024,02:05:33,-80
19.431977,-99.133688,10/13/2024,02:05:52,-79
19.431977,-99.133688,10/13/2024,02:05:52,-74
19.431977,-99.133688,10/13/2024,02:05:52,-70
19.431555,-99.134097,10/13/2024,02:06:15,-71
19.431507,-99.134180,10/13/2024,02:06:21,-78
19.431493,-99.134198,10/13/2024,02:06:22,-78
19.431493,-99.134198,10/13/2024,02:06:22,-77
19.431493,-99.134198,10/13/2024,02:06:22,-76
19.431493,-99.134198,10/13/2024,02:06:22,-72
19.431917,-99.134350,10/13/2024,02:07:04,-78
19.431917,-99.134350,10/13/2024,02:07:04,-79
19.431920,-99.134355,10/13/2024,02:07:05,-81
19.432015,-99.134377,10/13/2024,02:07:20,-75
19.432015,-99.134377,10/13/2024,02:07:20,-72
19.432015,-99.134377,10/13/2024,02:07:20,-78
19.432080,-99.134507,10/13/2024,02:07:38,-85
19.432100,-99.134555,10/13/2024,02:07:44,-80
19.432140,-99.134605,10/13/2024,02:07:50,-82
19.432195,-99.134757,10/13/2024,02:08:08,-77
19.432195,-99.134768,10/13/2024,02:08:09,-78
19.432195,-99.134768,10/13/2024,02:08:09,-68
19.432213,-99.134810,10/13/2024,02:08:14,-66
19.432230,-99.135005,10/13/2024,02:08:33,-69
19.432230,-99.135005,10/13/2024,02:08:33,-62
19.432197,-99.135080,10/13/2024,02:08:40,-67
19.432197,-99.135080,10/13/2024,02:08:40,-61
19.432227,-99.135220,10/13/2024,02:09:00,-59
19.432227,-99.135220,10/13/2024,02:09:00,-66
19.432227,-99.135220,10/13/2024,02:09:00,-62
19.432165,-99.135295,10/13/2024,02:09:07,-70
19.432138,-99.135382,10/13/2024,02:09:15,-68
19.432135,-99.135395,10/13/2024,02:09:21,-73
19.432133,-99.135437,10/13/2024,02:09:28,-79
19.432220,-99.135433,10/13/2024,02:09:41,-78
19.432292,-99.135478,10/13/2024,02:09:48,-80
19.432292,-99.135478,10/13/2024,02:09:48,-80
19.432207,-99.135560,10/13/2024,02:09:55,-79
19.432207,-99.135560,10/13/2024,02:09:55,-74
19.432205,-99.135703,10/13/2024,02:10:08,-59
19.432208,-99.135782,10/13/2024,02:10:22,-66
19.432173,-99.135800,10/13/2024,02:10:36,-72
19.432152,-99.135778,10/13/2024,02:10:44,-80
19.432152,-99.135778,10/13/2024,02:10:44,-76
19.432183,-99.135795,10/13/2024,02:10:51,-77
19.432183,-99.135795,10/13/2024,02:10:51,-81
19.432272,-99.135763,10/13/2024,02:11:11,-79
19.432272,-99.135763,10/13/2024,02:11:11,-77
19.432192,-99.135808,10/13/2024,02:11:19,-80
19.432173,-99.135813,10/13/2024,02:11:20,-80
19.432203,-99.135980,10/13/2024,02:11:48,-65
19.432203,-99.135980,10/13/2024,02:11:48,-70
19.432203,-99.135980,10/13/2024,02:11:48,-74
19.432297,-99.136172,10/13/2024,02:12:14,-61
19.432303,-99.136175,10/13/2024,02:12:15,-71
19.432303,-99.136175,10/13/2024,02:12:15,-76
19.432303,-99.136175,10/13/2024,02:12:15,-74
19.432272,-99.136335,10/13/2024,02:12:44,-73
19.432252,-99.136342,10/13/2024,02:12:45,-66
19.432252,-99.136342,10/13/2024,02:12:45,-65
19.432252,-99.136342,10/13/2024,02:12:45,-63
19.432187,-99.136363,10/13/2024,02:12:52,-63
19.432197,-99.136407,10/13/2024,02:12:59,-55
19.432338,-99.136483,10/13/2024,02:13:14,-64
19.432338,-99.136483,10/13/2024,02:13:14,-73
19.432423,-99.136523,10/13/2024,02:13:21,-66
19.432423,-99.136523,10/13/2024,02:13:21,-68
19.432423,-99.136523,10/13/2024,02:13:21,-61
19.432297,-99.137023,10/13/2024,02:13:56,-66
19.432297,-99.137038,10/13/2024,02:13:57,-71
19.432297,-99.137038,10/13/2024,02:13:57,-68
19.432305,-99.137152,10/13/2024,02:14:16,-67
19.432367,-99.137182,10/13/2024,02:14:23,-65
19.432367,-99.137190,10/13/2024,02:14:24,-66
19.432367,-99.137190,10/13/2024,02:14:24,-76
19.432413,-99.137263,10/13/2024,02:14:29,-66
19.432413,-99.137263,10/13/2024,02:14:29,-71
19.432523,-99.137428,10/13/2024,02:14:57,-58
19.432523,-99.137428,10/13/2024,02:14:57,-68
19.432523,-99.137428,10/13/2024,02:14:57,-76
19.432542,-99.137437,10/13/2024,02:15:04,-73
19.432542,-99.137437,10/13/2024,02:15:04,-69
19.432542,-99.137437,10/13/2024,02:15:04,-73
19.432542,-99.137437,10/13/2024,02:15:04,-66
19.432542,-99.137437,10/13/2024,02:15:04,-69
19.432535,-99.138322,10/13/2024,02:16:06,-74
19.432535,-99.138322,10/13/2024,02:16:06,-79
19.432535,-99.138322,10/13/2024,02:16:06,-59
19.432535,-99.138322,10/13/2024,02:16:06,-72
19.432670,-99.138375,10/13/2024,02:16:32,-73
19.432517,-99.138408,10/13/2024,02:16:41,-68
19.432517,-99.138408,10/13/2024,02:16:41,-78
19.432422,-99.138398,10/13/2024,02:16:48,-79
19.432553,-99.138343,10/13/2024,02:17:02,-73
19.432553,-99.138343,10/13/2024,02:17:02,-68
19.432553,-99.138343,10/13/2024,02:17:02,-66
19.432297,-99.138305,10/13/2024,02:17:09,-73
19.432197,-99.138233,10/13/2024,02:17:16,-70
19.431933,-99.138362,10/13/2024,02:17:23,-79
19.432042,-99.138472,10/13/2024,02:17:31,-75
19.432033,-99.138627,10/13/2024,02:17:38,-77
19.432218,-99.138663,10/13/2024,02:18:01,-77
19.432232,-99.138645,10/13/2024,02:18:09,-68
19.432232,-99.138645,10/13/2024,02:18:09,-71
19.432298,-99.138595,10/13/2024,02:18:15,-67
19.432198,-99.138588,10/13/2024,02:18:23,-71
19.432193,-99.138605,10/13/2024,02:18:31,-75
19.432098,-99.138567,10/13/2024,02:18:38,-70
19.432098,-99.138567,10/13/2024,02:18:38,-78
19.432407,-99.138425,10/13/2024,02:19:02,-75
19.432503,-99.138382,10/13/2024,02:19:08,-77
19.432517,-99.138368,10/13/2024,02:19:09,-75
19.432535,-99.138387,10/13/2024,02:19:16,-73
19.432535,-99.138387,10/13/2024,02:19:16,-67
19.432763,-99.138360,10/13/2024,02:19:37,-76
19.432777,-99.138348,10/13/2024,02:19:38,-66
19.432700,-99.138420,10/13/2024,02:19:44,-64
19.432687,-99.138433,10/13/2024,02:19:45,-71
19.432518,-99.138477,10/13/2024,02:19:51,-70
19.432518,-99.138477,10/13/2024,02:19:51,-76
19.432133,-99.138592,10/13/2024,02:20:25,-74
19.432133,-99.138592,10/13/2024,02:20:25,-65
19.432133,-99.138592,10/13/2024,02:20:25,-70
0.366667,2.168344,10/13/2024,02:20:38,-72
19.432235,-99.138857,10/13/2024,02:20:52,-53
19.432235,-99.138868,10/13/2024,02:20:53,-67
19.432235,-99.138868,10/13/2024,02:20:53,-63
19.432282,-99.139182,10/13/2024,02:21:22,-58
19.432282,-99.139182,10/13/2024,02:21:22,-71
19.432282,-99.139182,10/13/2024,02:21:22,-71
19.432282,-99.139182,10/13/2024,02:21:22,-70
19.432340,-99.139357,10/13/2024,02:21:41,-72
19.432363,-99.139417,10/13/2024,02:21:48,-67
19.432393,-99.139470,10/13/2024,02:21:55,-71
19.432393,-99.139470,10/13/2024,02:21:55,-72
19.432393,-99.139470,10/13/2024,02:21:55,-68
19.432433,-99.139622,10/13/2024,02:22:10,-71
19.432462,-99.139947,10/13/2024,02:22:41,-74
19.432462,-99.139947,10/13/2024,02:22:41,-73
19.432462,-99.139947,10/13/2024,02:22:41,-63
19.432462,-99.139947,10/13/2024,02:22:41,-64
19.432468,-99.140142,10/13/2024,02:23:00,-75
19.432468,-99.140142,10/13/2024,02:23:00,-77
19.432502,-99.140193,10/13/2024,02:23:08,-77
19.432333,-99.140363,10/13/2024,02:23:24,-69
19.432333,-99.140363,10/13/2024,02:23:24,-72
19.432490,-99.140507,10/13/2024,02:23:39,-77
19.432490,-99.140507,10/13/2024,02:23:39,-75
19.432592,-99.140562,10/13/2024,02:23:46,-80
19.432470,-99.140923,10/13/2024,02:24:10,-74
19.432470,-99.140923,10/13/2024,02:24:10,-77
19.432988,-99.140732,10/13/2024,02:24:18,-76
19.433052,-99.140705,10/13/2024,02:24:19,-74
19.433248,-99.140675,10/13/2024,02:24:25,-74
19.433043,-99.140872,10/13/2024,02:24:32,-75
19.433043,-99.140872,10/13/2024,02:24:32,-69
19.433337,-99.141125,10/13/2024,02:25:03,-56
19.433337,-99.141125,10/13/2024,02:25:03,-77
19.433375,-99.141137,10/13/2024,02:25:10,-71
19.433383,-99.141137,10/13/2024,02:25:11,-57
19.433352,-99.141192,10/13/2024,02:25:18,-57
19.433282,-99.141225,10/13/2024,02:25:24,-64
19.433282,-99.141225,10/13/2024,02:25:24,-56
19.433258,-99.141147,10/13/2024,02:25:46,-64
19.433137,-99.141213,10/13/2024,02:25:53,-58
19.433137,-99.141213,10/13/2024,02:25:53,-65
19.433222,-99.141308,10/13/2024,02:26:06,-66
19.433368,-99.141302,10/13/2024,02:26:13,-56
19.433613,-99.141258,10/13/2024,02:26:21,-63
19.434352,-99.140963,10/13/2024,02:26:41,-70
19.434333,-99.140970,10/13/2024,02:26:42,-53
19.434333,-99.140970,10/13/2024,02:26:42,-71
19.434333,-99.140970,10/13/2024,02:26:42,-68
19.434333,-99.140970,10/13/2024,02:26:42,-63
19.434333,-99.140970,10/13/2024,02:26:42,-68
19.434333,-99.140970,10/13/2024,02:26:42,-73
19.433975,-99.140785,10/13/2024,02:27:10,-65
19.433975,-99.140785,10/13/2024,02:27:10,-70
19.433793,-99.140505,10/13/2024,02:27:39,-78
19.433743,-99.140428,10/13/2024,02:27:47,-79
19.433743,-99.140428,10/13/2024,02:27:47,-70
19.433743,-99.140428,10/13/2024,02:27:47,-75
19.433708,-99.140363,10/13/2024,02:27:54,-59
19.433708,-99.140363,10/13/2024,02:27:54,-69
19.433668,-99.140057,10/13/2024,02:28:22,-68
19.433668,-99.140057,10/13/2024,02:28:22,-62
19.433668,-99.140057,10/13/2024,02:28:22,-47
19.433723,-99.139973,10/13/2024,02:28:29,-55
19.433723,-99.139973,10/13/2024,02:28:29,-62
19.433723,-99.139973,10/13/2024,02:28:29,-59
19.433688,-99.139817,10/13/2024,02:28:50,-51
19.433688,-99.139817,10/13/2024,02:28:50,-68
19.433810,-99.139523,10/13/2024,02:29:19,-68
19.433805,-99.139522,10/13/2024,02:29:20,-72
19.433805,-99.139522,10/13/2024,02:29:20,-58
19.433860,-99.139437,10/13/2024,02:29:27,-61
19.433860,-99.139437,10/13/2024,02:29:27,-72
19.433850,-99.139278,10/13/2024,02:29:56,-77
19.433830,-99.139277,10/13/2024,02:29:57,-75
19.433830,-99.139277,10/13/2024,02:29:57,-69
19.433830,-99.139277,10/13/2024,02:29:57,-58
19.433695,-99.139193,10/13/2024,02:30:11,-63
19.433555,-99.138975,10/13/2024,02:30:40,-68
19.433557,-99.138965,10/13/2024,02:30:41,-68
19.433557,-99.138965,10/13/2024,02:30:41,-60
19.433557,-99.138965,10/13/2024,02:30:41,-70
19.433370,-99.138883,10/13/2024,02:31:00,-55
19.433370,-99.138883,10/13/2024,02:31:00,-60
19.433413,-99.138678,10/13/2024,02:31:15,-63
19.433413,-99.138678,10/13/2024,02:31:15,-59
19.433370,-99.138545,10/13/2024,02:31:30,-58
19.433370,-99.138545,10/13/2024,02:31:30,-57
19.433370,-99.138545,10/13/2024,02:31:30,-57
19.433660,-99.138338,10/13/2024,02:32:01,-56
19.433660,-99.138338,10/13/2024,02:32:01,-62
19.433595,-99.138395,10/13/2024,02:32:08,-58
19.433465,-99.138507,10/13/2024,02:32:15,-60
19.433240,-99.138705,10/13/2024,02:32:22,-70
19.433240,-99.138705,10/13/2024,02:32:22,-68
19.433390,-99.138422,10/13/2024,02:32:44,-69
19.433317,-99.138373,10/13/2024,02:32:51,-62
19.433317,-99.138373,10/13/2024,02:32:51,-55
19.433317,-99.138373,10/13/2024,02:32:51,-64
19.433353,-99.138300,10/13/2024,02:32:58,-60
19.433353,-99.138300,10/13/2024,02:32:58,-58
19.433353,-99.138300,10/13/2024,02:32:58,-57
19.433380,-99.138097,10/13/2024,02:33:18,-66
19.433385,-99.137980,10/13/2024,02:33:32,-65
19.433385,-99.137980,10/13/2024,02:33:32,-70
19.433280,-99.137712,10/13/2024,02:34:00,-65
19.433280,-99.137712,10/13/2024,02:34:00,-67
19.433280,-99.137712,10/13/2024,02:34:00,-70
19.433280,-99.137712,10/13/2024,02:34:00,-62
19.433268,-99.137575,10/13/2024,02:34:11,-61
19.433500,-99.137363,10/13/2024,02:34:26,-63
19.433500,-99.137363,10/13/2024,02:34:26,-66
19.433415,-99.137298,10/13/2024,02:34:46,-68
19.433298,-99.137282,10/13/2024,02:34:53,-69
19.433297,-99.137260,10/13/2024,02:34:54,-75
19.433297,-99.137260,10/13/2024,02:34:54,-70
19.433337,-99.137140,10/13/2024,02:35:01,-60
19.433318,-99.137070,10/13/2024,02:35:08,-65
19.433240,-99.136957,10/13/2024,02:35:22,-73
19.433342,-99.136777,10/13/2024,02:35:36,-68
19.433325,-99.136728,10/13/2024,02:35:44,-73
19.433325,-99.136728,10/13/2024,02:35:44,-78
19.433433,-99.136605,10/13/2024,02:35:51,-78
19.433433,-99.136605,10/13/2024,02:35:51,-71
19.433433,-99.136605,10/13/2024,02:35:51,-78
19.433395,-99.136473,10/13/2024,02:36:04,-67
19.433293,-99.136393,10/13/2024,02:36:19,-76
19.433293,-99.136393,10/13/2024,02:36:19,-78
19.433293,-99.136393,10/13/2024,02:36:19,-76
19.433293,-99.136393,10/13/2024,02:36:19,-70
19.433302,-99.136260,10/13/2024,02:36:39,-64
19.433223,-99.136020,10/13/2024,02:37:02,-70
19.433203,-99.135918,10/13/2024,02:37:10,-60
19.433188,-99.135912,10/13/2024,02:37:11,-54
19.433188,-99.135912,10/13/2024,02:37:11,-55
19.433188,-99.135912,10/13/2024,02:37:11,-61
19.433188,-99.135912,10/13/2024,02:37:11,-54
19.433208,-99.135557,10/13/2024,02:37:48,-68
19.433227,-99.135453,10/13/2024,02:37:56,-66
19.433227,-99.135453,10/13/2024,02:37:56,-60
19.433227,-99.135453,10/13/2024,02:37:56,-67
19.433212,-99.135350,10/13/2024,02:38:03,-65
19.433212,-99.135350,10/13/2024,02:38:03,-65
19.433180,-99.135252,10/13/2024,02:38:31,-67
19.433180,-99.135252,10/13/2024,02:38:31,-68
19.433180,-99.135252,10/13/2024,02:38:31,-63
19.433195,-99.135237,10/13/2024,02:38:38,-62
19.433155,-99.135282,10/13/2024,02:38:44,-63
19.433083,-99.135335,10/13/2024,02:38:58,-67
19.433110,-99.135293,10/13/2024,02:39:13,-61
19.433110,-99.135293,10/13/2024,02:39:13,-67
19.433168,-99.135228,10/13/2024,02:39:20,-60
19.433193,-99.135220,10/13/2024,02:39:21,-69
19.433193,-99.135157,10/13/2024,02:39:27,-73
19.433193,-99.135157,10/13/2024,02:39:27,-70
19.433058,-99.134965,10/13/2024,02:39:54,-54
19.433070,-99.134900,10/13/2024,02:40:00,-75
19.433072,-99.134892,10/13/2024,02:40:01,-63
19.433072,-99.134892,10/13/2024,02:40:01,-72
19.433080,-99.134820,10/13/2024,02:40:07,-64
19.433080,-99.134820,10/13/2024,02:40:07,-71
19.433080,-99.134820,10/13/2024,02:40:07,-59
19.433080,-99.134820,10/13/2024,02:40:07,-58
19.433080,-99.134820,10/13/2024,02:40:07,-55
19.433117,-99.134530,10/13/2024,02:40:42,-54
19.433117,-99.134530,10/13/2024,02:40:42,-63
19.433098,-99.134210,10/13/2024,02:41:08,-52
19.433117,-99.134190,10/13/2024,02:41:09,-76
19.433117,-99.134190,10/13/2024,02:41:09,-74
19.433198,-99.134098,10/13/2024,02:41:16,-62
19.433198,-99.134098,10/13/2024,02:41:16,-64
19.433462,-99.133937,10/13/2024,02:41:39,-67
19.433472,-99.133935,10/13/2024,02:41:40,-66
19.433472,-99.133935,10/13/2024,02:41:40,-54
19.433417,-99.133950,10/13/2024,02:41:45,-61
19.433420,-99.134063,10/13/2024,02:41:52,-58
19.433633,-99.134078,10/13/2024,02:42:11,-76
19.433775,-99.134103,10/13/2024,02:42:23,-84
19.433803,-99.134073,10/13/2024,02:42:35,-76
19.433803,-99.134073,10/13/2024,02:42:35,-76
19.434458,-99.133648,10/13/2024,02:43:09,-72
19.434565,-99.133595,10/13/2024,02:43:14,-81
19.434585,-99.133580,10/13/2024,02:43:15,-78
19.434585,-99.133580,10/13/2024,02:43:15,-75
19.434825,-99.133490,10/13/2024,02:43:38,-73
19.434823,-99.133493,10/13/2024,02:43:39,-75
19.434823,-99.133493,10/13/2024,02:43:39,-75
19.435012,-99.133527,10/13/2024,02:44:04,-80
19.435012,-99.133527,10/13/2024,02:44:04,-72
19.435012,-99.133527,10/13/2024,02:44:04,-65
19.435015,-99.133528,10/13/2024,02:44:05,-63
19.435015,-99.133528,10/13/2024,02:44:05,-64
19.435057,-99.133545,10/13/2024,02:44:10,-67
19.435223,-99.133572,10/13/2024,02:44:24,-72
19.434982,-99.133700,10/13/2024,02:44:45,-75
19.434895,-99.133688,10/13/2024,02:44:52,-73
19.434895,-99.133688,10/13/2024,02:44:52,-77
19.434838,-99.133670,10/13/2024,02:44:58,-72
19.434838,-99.133670,10/13/2024,02:44:58,-73
19.434862,-99.133540,10/13/2024,02:45:12,-72
19.434862,-99.133540,10/13/2024,02:45:12,-76
19.434887,-99.133252,10/13/2024,02:45:38,-77
19.434883,-99.133243,10/13/2024,02:45:39,-77
19.434883,-99.133243,10/13/2024,02:45:39,-78
19.434883,-99.133243,10/13/2024,02:45:39,-73
19.434932,-99.133005,10/13/2024,02:46:07,-76
19.434932,-99.133005,10/13/2024,02:46:07,-75
19.434932,-99.133005,10/13/2024,02:46:07,-61
19.434893,-99.133022,10/13/2024,02:46:31,-78
19.434902,-99.133020,10/13/2024,02:46:32,-80
19.434902,-99.133020,10/13/2024,02:46:32,-77
19.434902,-99.133020,10/13/2024,02:46:32,-83
19.434830,-99.133048,10/13/2024,02:46:38,-84
19.434830,-99.133048,10/13/2024,02:46:38,-74
19.434830,-99.133048,10/13/2024,02:46:38,-80
19.434830,-99.133048,10/13/2024,02:46:38,-79
19.434755,-99.133027,10/13/2024,02:47:05,-78
19.434868,-99.133053,10/13/2024,02:47:33,-83
19.434865,-99.133057,10/13/2024,02:47:34,-86
19.434865,-99.133057,10/13/2024,02:47:34,-85
19.434865,-99.133057,10/13/2024,02:47:34,-84
19.434857,-99.133062,10/13/2024,02:47:45,-80
19.434850,-99.133053,10/13/2024,02:47:58,-75